nome,png
Mexico,https://flagcdn.com/w320/mx.png
Peru,https://flagcdn.com/w320/pe.png
Colombia,https://flagcdn.com/w320/co.png
Dominican Republic,https://flagcdn.com/w320/do.png
Paraguay,https://flagcdn.com/w320/py.png
El Salvador,https://flagcdn.com/w320/sv.png
Cuba,https://flagcdn.com/w320/cu.png
Argentina,https://flagcdn.com/w320/ar.png
Costa Rica,https://flagcdn.com/w320/cr.png
Haiti,https://flagcdn.com/w320/ht.png
Honduras,https://flagcdn.com/w320/hn.png
Uruguay,https://flagcdn.com/w320/uy.png
Panama,https://flagcdn.com/w320/pa.png
Bolivia,https://flagcdn.com/w320/bo.png
Chile,https://flagcdn.com/w320/cl.png
Guatemala,https://flagcdn.com/w320/gt.png
Ecuador,https://flagcdn.com/w320/ec.png
Brazil,https://flagcdn.com/w320/br.png
Venezuela,https://flagcdn.com/w320/ve.png
Nicaragua,https://flagcdn.com/w320/ni.png
